"ID","SKU","Product","Needs price","Needs image","Needs description"
"clearance-1788275284412-936","clearance-1788275284412-936","50cl Short Plain","Yes","Yes","Yes"
"clearance-1787769924491-945","clearance-1787769924491-945","50cl Short Plain Bottle","Yes","Yes","Yes"
"prod-imp-1785576583554-94","STAT","Artistic Straw","","","Yes"
"prod-imp-1785576583554-95","HGXL","Black HG (XL)","","","Yes"
"prod-imp-1785576583553-65","BK20","Brown Kraft (200g)","","","Yes"
"prod-imp-1785576583553-66","BK35","Brown Kraft (350g)","","","Yes"
"prod-imp-1785576583553-67","BK40","Brown Kraft (400g)","","","Yes"
"prod-imp-1785576583553-68","BK50","Brown kraft (500g)","","","Yes"
"prod-imp-1785576583552-46","CT10","Clear TPouch (100g)","","","Yes"
"prod-imp-1785576583552-47","CT15","Clear TPouch (150g)","","","Yes"
"prod-imp-1785576583553-50","CT1K","Clear TPouch (1KG)","","","Yes"
"prod-imp-1785576583552-48","CT25","Clear TPouch (250g)","","","Yes"
"prod-imp-1785576583553-49","CT50","Clear TPouch (500g)","","","Yes"
"prod-imp-1785576583554-92","CTTP","Clear TTape","","","Yes"
"prod-imp-1785576583554-75","CFNY","Cling Film","","","Yes"
"prod-imp-1785576583550-13","10GC","Cream (10g)","","","Yes"
"prod-1787056079154","F15K","Flat BotTP (1.5KG)","","","Yes"
"prod-imp-1785576583553-69","FB1K","Flat BotTP (1KG)","","","Yes"
"prod-imp-1785576583553-70","FB2K","Flat BotTP (2KG)","","","Yes"
"prod-imp-1785576583554-91","FGTP","Fragile Tape","","","Yes"
"prod-imp-1785576583554-86","ZIFS","Frosted Ziplock (10KG)","","","Yes"
"prod-1787058119254","GN35","Glass Nylon (3x5)","","","Yes"
"prod-1787058356477","GN58","Glass Nylon (5x8)","","","Yes"
"prod-1787058652511","GN69","Glass Nylon (6*9)","","","Yes"
"prod-imp-1785576583553-61","GO10","Gold Pouch (100g)","","","Yes"
"prod-imp-1785576583553-62","GO20","Gold Pouch (200g)","","","Yes"
"prod-imp-1785576583553-63","GO35","Gold Pouch (350g)","","","Yes"
"prod-imp-1785576583553-64","GO50","Gold Pouch (500g)","","","Yes"
"prod-imp-1785576583553-60","GOG5","Gold Pouch (50g)","","","Yes"
"prod-imp-1785576583554-93","HEGU","Heat Gun","","","Yes"
"prod-imp-1785576583551-17","KTSC","Ketchup Sauce","","","Yes"
"prod-1787059235495","LDPB","LD Poly (Big)","","","Yes"
"prod-1787059331478","LDPM","LD Poly (Medium)","","","Yes"
"prod-1787935769576","LASB","Laminated Sack","","","Yes"
"prod-imp-1785576583552-44","L1LT","Liquid (1 Litre)","","","Yes"
"prod-imp-1785576583552-42","L150","Liquid (150ml)","","","Yes"
"prod-imp-1785576583552-43","L200","Liquid (200ml)","","","Yes"
"prod-imp-1785576583551-27","LA1M","Long Amber (100ml)","","","Yes"
"clearance-1788602843407-416","clearance-1788602843407-416","Long Neck Cover","Yes","Yes","Yes"
"clearance-1788933444834-55","clearance-1788933444834-55","Long Neck Cover","Yes","Yes","Yes"
"clearance-1789052029950-24","clearance-1789052029950-24","Long Neck Cover","Yes","Yes","Yes"
"clearance-1789138962036-747","clearance-1789138962036-747","Long Neck Covers","Yes","Yes","Yes"
"prod-imp-1785576583551-26","LP1M","Long Plain (100ml)","","","Yes"
"prod-imp-1785576583551-30","LP50","Long Plain (50cl)","","","Yes"
"prod-imp-1785576583551-24","LR75","Long Ring (75cl )","","","Yes"
"prod-imp-1785576583554-85","ZISM","Med Ziplock Bag","","","Yes"
"prod-imp-1785576583552-45","MOMP","Moi-Moi Pouch","","","Yes"
"prod-imp-1785576583554-88","TBNS","Non String TBag","","","Yes"
"prod-imp-1785576583551-29","NT50","Non TPB (50cl)","","","Yes"
"prod-imp-1785576583553-51","NZ1K","Non Zip TPouch (1KG)","","","Yes"
"prod-imp-1785576583550-9","NZCO","Nozzle","","","Yes"
"clearance-1788422319435-823","clearance-1788422319435-823","PET Bottle Cover (Short)","Yes","Yes","Yes"
"prod-1788681521676","P10Z","Parfait Cup 10oz","","","Yes"
"prod-imp-1785576583551-18","PB1L","Plain Bottle (1 Litre)","","","Yes"
"clearance-1789138926164-283","clearance-1789138926164-283","Plain Straw","Yes","Yes","Yes"
"prod-imp-1785576583554-89","POBG","Popcorn","","","Yes"
"clearance-1789228080164-200","clearance-1789228080164-200","Popcorn Glass Nylon","Yes","Yes","Yes"
"prod-imp-1785576583550-10","PPCO","Push Pump","","","Yes"
"prod-imp-1785576583551-23","RP25","Ring Pet (25cl)","","","Yes"
"prod-imp-1785576583551-21","RP33","Ring Pet (33cl)","","","Yes"
"prod-imp-1785576583551-22","RP35","Ring Pet (35cl)","","","Yes"
"prod-imp-1785576583551-20","RP40","Ring Pet (40cl)","","","Yes"
"prod-imp-1785576583551-19","RP50","Ring Pet (50cl)","","","Yes"
"prod-imp-1785576583551-37","P125","Salad (125ml)","","","Yes"
"prod-imp-1785576583552-39","P280","Salad (280ml)","","","Yes"
"prod-imp-1785576583552-40","P530","Salad (530ml)","","","Yes"
"prod-imp-1785576583552-41","PSDW","Sandwich","","","Yes"
"clearance-1787770406260-520","clearance-1787770406260-520","Shawarma Wrap","Yes","Yes","Yes"
"prod-imp-1785576583551-32","SPB1","Short Plain (100ml)","","","Yes"
"prod-imp-1785576583551-33","SPB2","Short Plain (200ml)","","","Yes"
"prod-imp-1785576583551-28","SP30","Short Plain (30ml)","","","Yes"
"prod-imp-1785576583551-31","SP50","Short Plain (50ml)","","","Yes"
"prod-imp-1785576583554-76","SHNY","Shrink Nylon","","","Yes"
"prod-imp-1785576583553-56","SV10","Silver Pouch (100g)","","","Yes"
"prod-imp-1785576583553-57","SV20","Silver Pouch (200g)","","","Yes"
"prod-imp-1785576583553-58","SV35","Silver Pouch (350g)","","","Yes"
"prod-imp-1785576583553-59","SV50","Silver Pouch (500g)","","","Yes"
"prod-imp-1785576583554-77","S1NY","Size 1","","","Yes"
"prod-imp-1785576583554-78","S2NY","Size 2","","","Yes"
"prod-imp-1785576583554-79","S3NY","Size 3","","","Yes"
"prod-imp-1785576583554-80","S4NY","Size 4","","","Yes"
"prod-imp-1785576583554-81","S5NY","Size 5","","","Yes"
"prod-imp-1785576583554-83","S7NY","Size 7","","","Yes"
"prod-imp-1785576583551-34","AN15","Small Antiseptic (150ml)","","","Yes"
"prod-imp-1785576583550-6","SFCO","Small Flip Up","","","Yes"
"prod-imp-1785576583550-15","SICC","Small Ice Cream","","","Yes"
"prod-imp-1785576583550-8","SSCO","Small Spray","","","Yes"
"clearance-1789228921547-573","clearance-1789228921547-573","Square Bottle 35cl","Yes","Yes","Yes"
"prod-imp-1785576583554-87","TBST","String TBag","","","Yes"
"prod-imp-1785576583554-90","TYBG","Thank You","","","Yes"
"prod-imp-1785576583549-1","2LTB","Trans Bucket (2 Litres)","","","Yes"
"prod-1789458799427","4LTB","Trans Bucket (4 Litres)","","","Yes"
"prod-imp-1785576583550-2","5MTB","Trans Bucket (500ml)","","","Yes"
"prod-imp-1785576583553-52","WT10","WTB Pouch (100g)","","","Yes"
"prod-imp-1785576583553-55","WT1K","WTB Pouch (1KG)","","","Yes"
"prod-imp-1785576583553-53","WT25","WTB Pouch (250g)","","","Yes"
"prod-imp-1785576583553-54","WT50","WTB Pouch (500g)","","","Yes"
"prod-imp-1785576583550-3","1LWB","White Bucket (1 Litre)","","","Yes"
"prod-imp-1785576583550-4","5MWB","White Bucket (500ml)","","","Yes"
"prod-imp-1785576583553-72","WG25","White-Yellow (250g)","","","Yes"
"prod-imp-1785576583553-71","WY50","White-Yellow (500g)","","","Yes"
